debugvkiNe:debugU9MP9,initialized,0,,1620862193754
debugvkiNe:debugU9MP9,window_resize,1,"[1440, 788]",1620862193755
A2WUPNIT08SEE2:3ZAZR5XV068KL983OIS4S2DVWBZCZQ,initialized,0,,1620919586295
A2WUPNIT08SEE2:3ZAZR5XV068KL983OIS4S2DVWBZCZQ,window_resize,1,"[1440, 788]",1620919586296
aaaaaaaaa:yeeeejmRBq,initialized,0,,1621009944515
aaaaaaaaa:yeeeejmRBq,window_resize,0,"[1028, 758]",1621009944515
aaaaaaaaa:yeeeejmRBq,focus,3885,off,1621009948400
aaaaaaaaa:yeeeejmRBq,focus,2240,on,1621009950640
yeeeevW0LC:yeeeejmRBq,initialized,0,,1621009820917
yeeeevW0LC:yeeeejmRBq,window_resize,0,"[1028, 758]",1621009820917
debugPRGUKZ:debugRF55TI,initialized,0,,1621448606954
debugPRGUKZ:debugRF55TI,window_resize,0,"[1440, 788]",1621448606954
aaaaaaaab:yeeeejmRBq,initialized,0,,1621010059685
aaaaaaaab:yeeeejmRBq,window_resize,0,"[1536, 754]",1621010059685
aaaaaaaab:yeeeejmRBq,focus,2321,off,1621010062006
aaaaaaaab:yeeeejmRBq,window_resize,214,"[1536, 486]",1621010062220
aaaaaaaab:yeeeejmRBq,window_resize,2059,"[1536, 354]",1621010064279
aaaaaaaab:yeeeejmRBq,window_resize,19257,"[1536, 174]",1621010083536
aaaaaaaab:yeeeejmRBq,window_resize,102897,"[1536, 355]",1621010186433
aaaaaaaab:yeeeejmRBq,focus,449,on,1621010186882
debugb6JYd:debugYfrvN,initialized,0,,1621522030526
debugb6JYd:debugYfrvN,window_resize,0,"[1440, 788]",1621522030526
A2WUPNIT08SEE2:3WYP994K1CHV02PXI5DISVCJUW76YQ,initialized,0,,1621524494820
A2WUPNIT08SEE2:3WYP994K1CHV02PXI5DISVCJUW76YQ,window_resize,0,"[1440, 788]",1621524494820
A2WUPNIT08SEE2:3QHK8ZVMIR8H6FZTVH5093WFZIKBLU,initialized,0,,1621704941302
A2WUPNIT08SEE2:3QHK8ZVMIR8H6FZTVH5093WFZIKBLU,window_resize,0,"[1440, 788]",1621704941302
A2WUPNIT08SEE2:3SUWZRL0M33XUX86I41OLSK3CK8E6P,initialized,0,,1621705608050
A2WUPNIT08SEE2:3SUWZRL0M33XUX86I41OLSK3CK8E6P,window_resize,0,"[1440, 788]",1621705608050
A2WUPNIT08SEE2:3TVSS0C0E6QXDV59ZH3NI8JH3W6WTG,initialized,0,,1622321665311
A2WUPNIT08SEE2:3TVSS0C0E6QXDV59ZH3NI8JH3W6WTG,window_resize,0,"[1440, 788]",1622321665311
A2WUPNIT08SEE2:3TVSS0C0E6QXDV59ZH3NI8JH3W6WTG,focus,6767,off,1622321672078
A2WUPNIT08SEE2:3TVSS0C0E6QXDV59ZH3NI8JH3W6WTG,window_resize,221,"[739, 788]",1622321672299
A2WUPNIT08SEE2:3TVSS0C0E6QXDV59ZH3NI8JH3W6WTG,focus,68351,on,1622321740650
A2WUPNIT08SEE2:3WETL7AQWYYY1VSVO1ANAV26P0Q53S,initialized,0,,1622321828819
A2WUPNIT08SEE2:3WETL7AQWYYY1VSVO1ANAV26P0Q53S,window_resize,0,"[727, 788]",1622321828819
A2WUPNIT08SEE2:3WETL7AQWYYY1VSVO1ANAV26P0Q53S,focus,38550,on,1622321867369
A2WUPNIT08SEE2:3WETL7AQWYYY1VSVO1ANAV26P0Q53S,focus,63565,off,1622321930934
A2WUPNIT08SEE2:3WETL7AQWYYY1VSVO1ANAV26P0Q53S,focus,88647,on,1622322019581
A2WUPNIT08SEE2:3WETL7AQWYYY1VSVO1ANAV26P0Q53S,focus,33570,off,1622322053151
A2WUPNIT08SEE2:3WETL7AQWYYY1VSVO1ANAV26P0Q53S,focus,7813,on,1622322060964
A2WUPNIT08SEE2:35BLDD71IBNGKIE3FZN9IU1KHJQZVP,initialized,0,,1622324025657
A2WUPNIT08SEE2:35BLDD71IBNGKIE3FZN9IU1KHJQZVP,window_resize,0,"[1440, 788]",1622324025657
A2WUPNIT08SEE2:3MX2NQ3YCEKAHTZ98QHBHBRAWVQX5J,initialized,0,,1622324430785
A2WUPNIT08SEE2:3MX2NQ3YCEKAHTZ98QHBHBRAWVQX5J,window_resize,0,"[1440, 788]",1622324430785
