debugvkiNe:debugU9MP9,engagement,5
debugvkiNe:debugU9MP9,difficulty,5
A2WUPNIT08SEE2:3ZAZR5XV068KL983OIS4S2DVWBZCZQ,engagement,4
A2WUPNIT08SEE2:3ZAZR5XV068KL983OIS4S2DVWBZCZQ,difficulty,4
aaaaaaaaa:yeeeejmRBq,engagement,5
aaaaaaaaa:yeeeejmRBq,difficulty,5
yeeeevW0LC:yeeeejmRBq,engagement,5
yeeeevW0LC:yeeeejmRBq,difficulty,5
debugPRGUKZ:debugRF55TI,engagement,5
debugPRGUKZ:debugRF55TI,difficulty,5
aaaaaaaab:yeeeejmRBq,engagement,5
aaaaaaaab:yeeeejmRBq,difficulty,5
debugb6JYd:debugYfrvN,engagement,5
debugb6JYd:debugYfrvN,difficulty,5
A2WUPNIT08SEE2:3WYP994K1CHV02PXI5DISVCJUW76YQ,engagement,5
A2WUPNIT08SEE2:3WYP994K1CHV02PXI5DISVCJUW76YQ,difficulty,5
A2WUPNIT08SEE2:3QHK8ZVMIR8H6FZTVH5093WFZIKBLU,engagement,5
A2WUPNIT08SEE2:3QHK8ZVMIR8H6FZTVH5093WFZIKBLU,difficulty,5
A2WUPNIT08SEE2:3SUWZRL0M33XUX86I41OLSK3CK8E6P,engagement,5
A2WUPNIT08SEE2:3SUWZRL0M33XUX86I41OLSK3CK8E6P,difficulty,5
A2WUPNIT08SEE2:3TVSS0C0E6QXDV59ZH3NI8JH3W6WTG,engagement,5
A2WUPNIT08SEE2:3TVSS0C0E6QXDV59ZH3NI8JH3W6WTG,difficulty,5
A2WUPNIT08SEE2:3WETL7AQWYYY1VSVO1ANAV26P0Q53S,engagement,5
A2WUPNIT08SEE2:3WETL7AQWYYY1VSVO1ANAV26P0Q53S,difficulty,5
A2WUPNIT08SEE2:35BLDD71IBNGKIE3FZN9IU1KHJQZVP,engagement,5
A2WUPNIT08SEE2:35BLDD71IBNGKIE3FZN9IU1KHJQZVP,difficulty,5
A2WUPNIT08SEE2:3MX2NQ3YCEKAHTZ98QHBHBRAWVQX5J,engagement,5
A2WUPNIT08SEE2:3MX2NQ3YCEKAHTZ98QHBHBRAWVQX5J,difficulty,5
