debugvkiNe:debugU9MP9,0,1620862194004,"{""phase"": ""INSTRUCTIONS"", ""templates"": [""instructions/instruct-1.html"", ""instructions/instruct-2.html"", ""instructions/instruct-3.html"", ""instructions/instruct-ready.html""], ""action"": ""Begin""}"
debugvkiNe:debugU9MP9,1,1620862195948,"{""phase"": ""INSTRUCTIONS"", ""template"": ""instructions/instruct-1.html"", ""indexOf"": 0, ""action"": ""NextPage"", ""viewTime"": 1941}"
debugvkiNe:debugU9MP9,2,1620862196629,"{""phase"": ""INSTRUCTIONS"", ""template"": ""instructions/instruct-2.html"", ""indexOf"": 1, ""action"": ""NextPage"", ""viewTime"": 679}"
debugvkiNe:debugU9MP9,3,1620862198016,"{""phase"": ""INSTRUCTIONS"", ""template"": ""instructions/instruct-3.html"", ""indexOf"": 2, ""action"": ""NextPage"", ""viewTime"": 1386}"
debugvkiNe:debugU9MP9,4,1620862199352,"{""phase"": ""INSTRUCTIONS"", ""template"": ""instructions/instruct-ready.html"", ""indexOf"": 3, ""action"": ""FinishInstructions"", ""viewTime"": 1335}"
debugvkiNe:debugU9MP9,5,1620862200922,"{""phase"": ""TEST"", ""word"": ""BLUE"", ""color"": ""green"", ""relation"": ""incongruent"", ""response"": ""green"", ""hit"": true, ""rt"": 1564}"
debugvkiNe:debugU9MP9,6,1620862201985,"{""phase"": ""TEST"", ""word"": ""MONKEY"", ""color"": ""green"", ""relation"": ""unrelated"", ""response"": ""green"", ""hit"": true, ""rt"": 1063}"
debugvkiNe:debugU9MP9,7,1620862202960,"{""phase"": ""TEST"", ""word"": ""BLUE"", ""color"": ""blue"", ""relation"": ""congruent"", ""response"": ""blue"", ""hit"": true, ""rt"": 975}"
debugvkiNe:debugU9MP9,8,1620862203600,"{""phase"": ""TEST"", ""word"": ""GREEN"", ""color"": ""green"", ""relation"": ""congruent"", ""response"": ""green"", ""hit"": true, ""rt"": 639}"
debugvkiNe:debugU9MP9,9,1620862204327,"{""phase"": ""TEST"", ""word"": ""GREEN"", ""color"": ""red"", ""relation"": ""incongruent"", ""response"": ""red"", ""hit"": true, ""rt"": 726}"
debugvkiNe:debugU9MP9,10,1620862205016,"{""phase"": ""TEST"", ""word"": ""RED"", ""color"": ""red"", ""relation"": ""congruent"", ""response"": ""red"", ""hit"": true, ""rt"": 689}"
debugvkiNe:debugU9MP9,11,1620862205837,"{""phase"": ""TEST"", ""word"": ""ZAMBONI"", ""color"": ""blue"", ""relation"": ""unrelated"", ""response"": ""blue"", ""hit"": true, ""rt"": 820}"
debugvkiNe:debugU9MP9,12,1620862206636,"{""phase"": ""TEST"", ""word"": ""RED"", ""color"": ""blue"", ""relation"": ""incongruent"", ""response"": ""blue"", ""hit"": true, ""rt"": 798}"
debugvkiNe:debugU9MP9,13,1620862208127,"{""phase"": ""TEST"", ""word"": ""SHIP"", ""color"": ""red"", ""relation"": ""unrelated"", ""response"": ""red"", ""hit"": true, ""rt"": 1491}"
debugvkiNe:debugU9MP9,14,1620862208129,"{""phase"": ""postquestionnaire"", ""status"": ""begin""}"
debugvkiNe:debugU9MP9,15,1620862210120,"{""phase"": ""postquestionnaire"", ""status"": ""submit""}"
A2WUPNIT08SEE2:3ZAZR5XV068KL983OIS4S2DVWBZCZQ,0,1620919586610,"{""phase"": ""INSTRUCTIONS"", ""templates"": [""instructions/instruct-1.html"", ""instructions/instruct-2.html"", ""instructions/instruct-3.html"", ""instructions/instruct-ready.html""], ""action"": ""Begin""}"
A2WUPNIT08SEE2:3ZAZR5XV068KL983OIS4S2DVWBZCZQ,1,1620919588802,"{""phase"": ""INSTRUCTIONS"", ""template"": ""instructions/instruct-1.html"", ""indexOf"": 0, ""action"": ""NextPage"", ""viewTime"": 2186}"
A2WUPNIT08SEE2:3ZAZR5XV068KL983OIS4S2DVWBZCZQ,2,1620919589614,"{""phase"": ""INSTRUCTIONS"", ""template"": ""instructions/instruct-2.html"", ""indexOf"": 1, ""action"": ""NextPage"", ""viewTime"": 810}"
A2WUPNIT08SEE2:3ZAZR5XV068KL983OIS4S2DVWBZCZQ,3,1620919590338,"{""phase"": ""INSTRUCTIONS"", ""template"": ""instructions/instruct-3.html"", ""indexOf"": 2, ""action"": ""NextPage"", ""viewTime"": 722}"
A2WUPNIT08SEE2:3ZAZR5XV068KL983OIS4S2DVWBZCZQ,4,1620919591856,"{""phase"": ""INSTRUCTIONS"", ""template"": ""instructions/instruct-ready.html"", ""indexOf"": 3, ""action"": ""FinishInstructions"", ""viewTime"": 1517}"
A2WUPNIT08SEE2:3ZAZR5XV068KL983OIS4S2DVWBZCZQ,5,1620919593399,"{""phase"": ""TEST"", ""word"": ""RED"", ""color"": ""red"", ""relation"": ""congruent"", ""response"": ""red"", ""hit"": true, ""rt"": 1536}"
A2WUPNIT08SEE2:3ZAZR5XV068KL983OIS4S2DVWBZCZQ,6,1620919594612,"{""phase"": ""TEST"", ""word"": ""BLUE"", ""color"": ""blue"", ""relation"": ""congruent"", ""response"": ""blue"", ""hit"": true, ""rt"": 1213}"
A2WUPNIT08SEE2:3ZAZR5XV068KL983OIS4S2DVWBZCZQ,7,1620919595516,"{""phase"": ""TEST"", ""word"": ""RED"", ""color"": ""blue"", ""relation"": ""incongruent"", ""response"": ""blue"", ""hit"": true, ""rt"": 904}"
A2WUPNIT08SEE2:3ZAZR5XV068KL983OIS4S2DVWBZCZQ,8,1620919596361,"{""phase"": ""TEST"", ""word"": ""GREEN"", ""color"": ""red"", ""relation"": ""incongruent"", ""response"": ""red"", ""hit"": true, ""rt"": 845}"
A2WUPNIT08SEE2:3ZAZR5XV068KL983OIS4S2DVWBZCZQ,9,1620919597208,"{""phase"": ""TEST"", ""word"": ""SHIP"", ""color"": ""red"", ""relation"": ""unrelated"", ""response"": ""red"", ""hit"": true, ""rt"": 846}"
A2WUPNIT08SEE2:3ZAZR5XV068KL983OIS4S2DVWBZCZQ,10,1620919598048,"{""phase"": ""TEST"", ""word"": ""BLUE"", ""color"": ""green"", ""relation"": ""incongruent"", ""response"": ""green"", ""hit"": true, ""rt"": 839}"
A2WUPNIT08SEE2:3ZAZR5XV068KL983OIS4S2DVWBZCZQ,11,1620919598612,"{""phase"": ""TEST"", ""word"": ""MONKEY"", ""color"": ""green"", ""relation"": ""unrelated"", ""response"": ""green"", ""hit"": true, ""rt"": 564}"
A2WUPNIT08SEE2:3ZAZR5XV068KL983OIS4S2DVWBZCZQ,12,1620919599088,"{""phase"": ""TEST"", ""word"": ""GREEN"", ""color"": ""green"", ""relation"": ""congruent"", ""response"": ""green"", ""hit"": true, ""rt"": 476}"
A2WUPNIT08SEE2:3ZAZR5XV068KL983OIS4S2DVWBZCZQ,13,1620919599893,"{""phase"": ""TEST"", ""word"": ""ZAMBONI"", ""color"": ""blue"", ""relation"": ""unrelated"", ""response"": ""blue"", ""hit"": true, ""rt"": 804}"
A2WUPNIT08SEE2:3ZAZR5XV068KL983OIS4S2DVWBZCZQ,14,1620919599895,"{""phase"": ""postquestionnaire"", ""status"": ""begin""}"
A2WUPNIT08SEE2:3ZAZR5XV068KL983OIS4S2DVWBZCZQ,15,1620919607076,"{""phase"": ""postquestionnaire"", ""status"": ""submit""}"
aaaaaaaaa:yeeeejmRBq,0,1621009944750,"{""phase"": ""INSTRUCTIONS"", ""templates"": [""instructions/instruct-1.html"", ""instructions/instruct-2.html"", ""instructions/instruct-3.html"", ""instructions/instruct-ready.html""], ""action"": ""Begin""}"
aaaaaaaaa:yeeeejmRBq,1,1621009946389,"{""phase"": ""INSTRUCTIONS"", ""template"": ""instructions/instruct-1.html"", ""indexOf"": 0, ""action"": ""NextPage"", ""viewTime"": 1637}"
aaaaaaaaa:yeeeejmRBq,2,1621009947164,"{""phase"": ""INSTRUCTIONS"", ""template"": ""instructions/instruct-2.html"", ""indexOf"": 1, ""action"": ""NextPage"", ""viewTime"": 773}"
aaaaaaaaa:yeeeejmRBq,3,1621009947723,"{""phase"": ""INSTRUCTIONS"", ""template"": ""instructions/instruct-3.html"", ""indexOf"": 2, ""action"": ""NextPage"", ""viewTime"": 558}"
aaaaaaaaa:yeeeejmRBq,4,1621009952382,"{""phase"": ""INSTRUCTIONS"", ""template"": ""instructions/instruct-ready.html"", ""indexOf"": 3, ""action"": ""FinishInstructions"", ""viewTime"": 4658}"
aaaaaaaaa:yeeeejmRBq,5,1621009952911,"{""phase"": ""TEST"", ""word"": ""SHIP"", ""color"": ""red"", ""relation"": ""unrelated"", ""response"": ""red"", ""hit"": true, ""rt"": 523}"
aaaaaaaaa:yeeeejmRBq,6,1621009953063,"{""phase"": ""TEST"", ""word"": ""RED"", ""color"": ""red"", ""relation"": ""congruent"", ""response"": ""red"", ""hit"": true, ""rt"": 151}"
aaaaaaaaa:yeeeejmRBq,7,1621009953230,"{""phase"": ""TEST"", ""word"": ""BLUE"", ""color"": ""blue"", ""relation"": ""congruent"", ""response"": ""red"", ""hit"": false, ""rt"": 167}"
aaaaaaaaa:yeeeejmRBq,8,1621009953397,"{""phase"": ""TEST"", ""word"": ""MONKEY"", ""color"": ""green"", ""relation"": ""unrelated"", ""response"": ""red"", ""hit"": false, ""rt"": 166}"
aaaaaaaaa:yeeeejmRBq,9,1621009953566,"{""phase"": ""TEST"", ""word"": ""RED"", ""color"": ""blue"", ""relation"": ""incongruent"", ""response"": ""red"", ""hit"": false, ""rt"": 169}"
aaaaaaaaa:yeeeejmRBq,10,1621009953739,"{""phase"": ""TEST"", ""word"": ""GREEN"", ""color"": ""red"", ""relation"": ""incongruent"", ""response"": ""red"", ""hit"": true, ""rt"": 172}"
aaaaaaaaa:yeeeejmRBq,11,1621009953887,"{""phase"": ""TEST"", ""word"": ""ZAMBONI"", ""color"": ""blue"", ""relation"": ""unrelated"", ""response"": ""red"", ""hit"": false, ""rt"": 148}"
aaaaaaaaa:yeeeejmRBq,12,1621009954065,"{""phase"": ""TEST"", ""word"": ""GREEN"", ""color"": ""green"", ""relation"": ""congruent"", ""response"": ""red"", ""hit"": false, ""rt"": 178}"
aaaaaaaaa:yeeeejmRBq,13,1621009954255,"{""phase"": ""TEST"", ""word"": ""BLUE"", ""color"": ""green"", ""relation"": ""incongruent"", ""response"": ""red"", ""hit"": false, ""rt"": 189}"
aaaaaaaaa:yeeeejmRBq,14,1621009954256,"{""phase"": ""postquestionnaire"", ""status"": ""begin""}"
aaaaaaaaa:yeeeejmRBq,15,1621009955488,"{""phase"": ""postquestionnaire"", ""status"": ""submit""}"
yeeeevW0LC:yeeeejmRBq,0,1621009821163,"{""phase"": ""INSTRUCTIONS"", ""templates"": [""instructions/instruct-1.html"", ""instructions/instruct-2.html"", ""instructions/instruct-3.html"", ""instructions/instruct-ready.html""], ""action"": ""Begin""}"
yeeeevW0LC:yeeeejmRBq,1,1621009822608,"{""phase"": ""INSTRUCTIONS"", ""template"": ""instructions/instruct-1.html"", ""indexOf"": 0, ""action"": ""NextPage"", ""viewTime"": 1442}"
yeeeevW0LC:yeeeejmRBq,2,1621009823589,"{""phase"": ""INSTRUCTIONS"", ""template"": ""instructions/instruct-2.html"", ""indexOf"": 1, ""action"": ""NextPage"", ""viewTime"": 980}"
yeeeevW0LC:yeeeejmRBq,3,1621009823765,"{""phase"": ""INSTRUCTIONS"", ""template"": ""instructions/instruct-3.html"", ""indexOf"": 2, ""action"": ""NextPage"", ""viewTime"": 175}"
yeeeevW0LC:yeeeejmRBq,4,1621009824715,"{""phase"": ""INSTRUCTIONS"", ""template"": ""instructions/instruct-ready.html"", ""indexOf"": 3, ""action"": ""FinishInstructions"", ""viewTime"": 949}"
yeeeevW0LC:yeeeejmRBq,5,1621009825856,"{""phase"": ""TEST"", ""word"": ""BLUE"", ""color"": ""green"", ""relation"": ""incongruent"", ""response"": ""red"", ""hit"": false, ""rt"": 1135}"
yeeeevW0LC:yeeeejmRBq,6,1621009826009,"{""phase"": ""TEST"", ""word"": ""GREEN"", ""color"": ""green"", ""relation"": ""congruent"", ""response"": ""red"", ""hit"": false, ""rt"": 152}"
yeeeevW0LC:yeeeejmRBq,7,1621009826166,"{""phase"": ""TEST"", ""word"": ""RED"", ""color"": ""blue"", ""relation"": ""incongruent"", ""response"": ""red"", ""hit"": false, ""rt"": 157}"
yeeeevW0LC:yeeeejmRBq,8,1621009826339,"{""phase"": ""TEST"", ""word"": ""SHIP"", ""color"": ""red"", ""relation"": ""unrelated"", ""response"": ""red"", ""hit"": true, ""rt"": 173}"
yeeeevW0LC:yeeeejmRBq,9,1621009826508,"{""phase"": ""TEST"", ""word"": ""MONKEY"", ""color"": ""green"", ""relation"": ""unrelated"", ""response"": ""red"", ""hit"": false, ""rt"": 168}"
yeeeevW0LC:yeeeejmRBq,10,1621009826668,"{""phase"": ""TEST"", ""word"": ""ZAMBONI"", ""color"": ""blue"", ""relation"": ""unrelated"", ""response"": ""red"", ""hit"": false, ""rt"": 159}"
yeeeevW0LC:yeeeejmRBq,11,1621009826853,"{""phase"": ""TEST"", ""word"": ""BLUE"", ""color"": ""blue"", ""relation"": ""congruent"", ""response"": ""red"", ""hit"": false, ""rt"": 184}"
yeeeevW0LC:yeeeejmRBq,12,1621009827043,"{""phase"": ""TEST"", ""word"": ""GREEN"", ""color"": ""red"", ""relation"": ""incongruent"", ""response"": ""red"", ""hit"": true, ""rt"": 190}"
yeeeevW0LC:yeeeejmRBq,13,1621009827275,"{""phase"": ""TEST"", ""word"": ""RED"", ""color"": ""red"", ""relation"": ""congruent"", ""response"": ""red"", ""hit"": true, ""rt"": 232}"
yeeeevW0LC:yeeeejmRBq,14,1621009827276,"{""phase"": ""postquestionnaire"", ""status"": ""begin""}"
yeeeevW0LC:yeeeejmRBq,15,1621009828346,"{""phase"": ""postquestionnaire"", ""status"": ""submit""}"
debugPRGUKZ:debugRF55TI,0,1621448607241,"{""phase"": ""INSTRUCTIONS"", ""templates"": [""instructions/instruct-1.html"", ""instructions/instruct-2.html"", ""instructions/instruct-3.html"", ""instructions/instruct-ready.html""], ""action"": ""Begin""}"
debugPRGUKZ:debugRF55TI,1,1621448608713,"{""phase"": ""INSTRUCTIONS"", ""template"": ""instructions/instruct-1.html"", ""indexOf"": 0, ""action"": ""NextPage"", ""viewTime"": 1468}"
debugPRGUKZ:debugRF55TI,2,1621448609791,"{""phase"": ""INSTRUCTIONS"", ""template"": ""instructions/instruct-2.html"", ""indexOf"": 1, ""action"": ""NextPage"", ""viewTime"": 1077}"
debugPRGUKZ:debugRF55TI,3,1621448610379,"{""phase"": ""INSTRUCTIONS"", ""template"": ""instructions/instruct-3.html"", ""indexOf"": 2, ""action"": ""NextPage"", ""viewTime"": 587}"
debugPRGUKZ:debugRF55TI,4,1621448611572,"{""phase"": ""INSTRUCTIONS"", ""template"": ""instructions/instruct-ready.html"", ""indexOf"": 3, ""action"": ""FinishInstructions"", ""viewTime"": 1192}"
debugPRGUKZ:debugRF55TI,5,1621448613462,"{""phase"": ""TEST"", ""word"": ""MONKEY"", ""color"": ""green"", ""relation"": ""unrelated"", ""response"": ""green"", ""hit"": true, ""rt"": 1885}"
debugPRGUKZ:debugRF55TI,6,1621448614126,"{""phase"": ""TEST"", ""word"": ""RED"", ""color"": ""red"", ""relation"": ""congruent"", ""response"": ""red"", ""hit"": true, ""rt"": 663}"
debugPRGUKZ:debugRF55TI,7,1621448614704,"{""phase"": ""TEST"", ""word"": ""GREEN"", ""color"": ""green"", ""relation"": ""congruent"", ""response"": ""green"", ""hit"": true, ""rt"": 577}"
debugPRGUKZ:debugRF55TI,8,1621448615399,"{""phase"": ""TEST"", ""word"": ""RED"", ""color"": ""blue"", ""relation"": ""incongruent"", ""response"": ""blue"", ""hit"": true, ""rt"": 695}"
debugPRGUKZ:debugRF55TI,9,1621448616024,"{""phase"": ""TEST"", ""word"": ""BLUE"", ""color"": ""blue"", ""relation"": ""congruent"", ""response"": ""blue"", ""hit"": true, ""rt"": 625}"
debugPRGUKZ:debugRF55TI,10,1621448616673,"{""phase"": ""TEST"", ""word"": ""SHIP"", ""color"": ""red"", ""relation"": ""unrelated"", ""response"": ""red"", ""hit"": true, ""rt"": 649}"
debugPRGUKZ:debugRF55TI,11,1621448617457,"{""phase"": ""TEST"", ""word"": ""BLUE"", ""color"": ""green"", ""relation"": ""incongruent"", ""response"": ""green"", ""hit"": true, ""rt"": 783}"
debugPRGUKZ:debugRF55TI,12,1621448618124,"{""phase"": ""TEST"", ""word"": ""ZAMBONI"", ""color"": ""blue"", ""relation"": ""unrelated"", ""response"": ""blue"", ""hit"": true, ""rt"": 666}"
debugPRGUKZ:debugRF55TI,13,1621448618916,"{""phase"": ""TEST"", ""word"": ""GREEN"", ""color"": ""red"", ""relation"": ""incongruent"", ""response"": ""red"", ""hit"": true, ""rt"": 792}"
debugPRGUKZ:debugRF55TI,14,1621448618917,"{""phase"": ""postquestionnaire"", ""status"": ""begin""}"
debugPRGUKZ:debugRF55TI,15,1621448620730,"{""phase"": ""postquestionnaire"", ""status"": ""submit""}"
aaaaaaaab:yeeeejmRBq,0,1621010059906,"{""phase"": ""INSTRUCTIONS"", ""templates"": [""instructions/instruct-1.html"", ""instructions/instruct-2.html"", ""instructions/instruct-3.html"", ""instructions/instruct-ready.html""], ""action"": ""Begin""}"
aaaaaaaab:yeeeejmRBq,1,1621010186955,"{""phase"": ""INSTRUCTIONS"", ""template"": ""instructions/instruct-1.html"", ""indexOf"": 0, ""action"": ""NextPage"", ""viewTime"": 127046}"
aaaaaaaab:yeeeejmRBq,2,1621010187636,"{""phase"": ""INSTRUCTIONS"", ""template"": ""instructions/instruct-2.html"", ""indexOf"": 1, ""action"": ""NextPage"", ""viewTime"": 678}"
aaaaaaaab:yeeeejmRBq,3,1621010188029,"{""phase"": ""INSTRUCTIONS"", ""template"": ""instructions/instruct-3.html"", ""indexOf"": 2, ""action"": ""NextPage"", ""viewTime"": 392}"
aaaaaaaab:yeeeejmRBq,4,1621010188940,"{""phase"": ""INSTRUCTIONS"", ""template"": ""instructions/instruct-ready.html"", ""indexOf"": 3, ""action"": ""FinishInstructions"", ""viewTime"": 910}"
aaaaaaaab:yeeeejmRBq,5,1621010189880,"{""phase"": ""TEST"", ""word"": ""ZAMBONI"", ""color"": ""blue"", ""relation"": ""unrelated"", ""response"": ""red"", ""hit"": false, ""rt"": 933}"
aaaaaaaab:yeeeejmRBq,6,1621010190057,"{""phase"": ""TEST"", ""word"": ""RED"", ""color"": ""blue"", ""relation"": ""incongruent"", ""response"": ""red"", ""hit"": false, ""rt"": 175}"
aaaaaaaab:yeeeejmRBq,7,1621010190196,"{""phase"": ""TEST"", ""word"": ""SHIP"", ""color"": ""red"", ""relation"": ""unrelated"", ""response"": ""red"", ""hit"": true, ""rt"": 139}"
aaaaaaaab:yeeeejmRBq,8,1621010190349,"{""phase"": ""TEST"", ""word"": ""RED"", ""color"": ""red"", ""relation"": ""congruent"", ""response"": ""red"", ""hit"": true, ""rt"": 153}"
aaaaaaaab:yeeeejmRBq,9,1621010190498,"{""phase"": ""TEST"", ""word"": ""GREEN"", ""color"": ""green"", ""relation"": ""congruent"", ""response"": ""red"", ""hit"": false, ""rt"": 149}"
aaaaaaaab:yeeeejmRBq,10,1621010190661,"{""phase"": ""TEST"", ""word"": ""MONKEY"", ""color"": ""green"", ""relation"": ""unrelated"", ""response"": ""red"", ""hit"": false, ""rt"": 162}"
aaaaaaaab:yeeeejmRBq,11,1621010190827,"{""phase"": ""TEST"", ""word"": ""GREEN"", ""color"": ""red"", ""relation"": ""incongruent"", ""response"": ""red"", ""hit"": true, ""rt"": 165}"
aaaaaaaab:yeeeejmRBq,12,1621010191137,"{""phase"": ""TEST"", ""word"": ""BLUE"", ""color"": ""green"", ""relation"": ""incongruent"", ""response"": ""red"", ""hit"": false, ""rt"": 309}"
aaaaaaaab:yeeeejmRBq,13,1621010191690,"{""phase"": ""TEST"", ""word"": ""BLUE"", ""color"": ""blue"", ""relation"": ""congruent"", ""response"": ""red"", ""hit"": false, ""rt"": 552}"
aaaaaaaab:yeeeejmRBq,14,1621010191691,"{""phase"": ""postquestionnaire"", ""status"": ""begin""}"
aaaaaaaab:yeeeejmRBq,15,1621010206279,"{""phase"": ""postquestionnaire"", ""status"": ""submit""}"
debugb6JYd:debugYfrvN,0,1621522031455,"{""phase"": ""INSTRUCTIONS"", ""templates"": [""instructions/instruct-1.html"", ""instructions/instruct-2.html"", ""instructions/instruct-3.html"", ""instructions/instruct-ready.html""], ""action"": ""Begin""}"
debugb6JYd:debugYfrvN,1,1621522034374,"{""phase"": ""INSTRUCTIONS"", ""template"": ""instructions/instruct-1.html"", ""indexOf"": 0, ""action"": ""NextPage"", ""viewTime"": 2909}"
debugb6JYd:debugYfrvN,2,1621522035139,"{""phase"": ""INSTRUCTIONS"", ""template"": ""instructions/instruct-2.html"", ""indexOf"": 1, ""action"": ""NextPage"", ""viewTime"": 764}"
debugb6JYd:debugYfrvN,3,1621522035682,"{""phase"": ""INSTRUCTIONS"", ""template"": ""instructions/instruct-3.html"", ""indexOf"": 2, ""action"": ""NextPage"", ""viewTime"": 541}"
debugb6JYd:debugYfrvN,4,1621522036803,"{""phase"": ""INSTRUCTIONS"", ""template"": ""instructions/instruct-ready.html"", ""indexOf"": 3, ""action"": ""FinishInstructions"", ""viewTime"": 1120}"
debugb6JYd:debugYfrvN,5,1621522037814,"{""phase"": ""TEST"", ""word"": ""RED"", ""color"": ""blue"", ""relation"": ""incongruent"", ""response"": ""blue"", ""hit"": true, ""rt"": 1006}"
debugb6JYd:debugYfrvN,6,1621522038616,"{""phase"": ""TEST"", ""word"": ""MONKEY"", ""color"": ""green"", ""relation"": ""unrelated"", ""response"": ""green"", ""hit"": true, ""rt"": 802}"
debugb6JYd:debugYfrvN,7,1621522039853,"{""phase"": ""TEST"", ""word"": ""BLUE"", ""color"": ""green"", ""relation"": ""incongruent"", ""response"": ""green"", ""hit"": true, ""rt"": 1237}"
debugb6JYd:debugYfrvN,8,1621522041127,"{""phase"": ""TEST"", ""word"": ""ZAMBONI"", ""color"": ""blue"", ""relation"": ""unrelated"", ""response"": ""blue"", ""hit"": true, ""rt"": 1273}"
debugb6JYd:debugYfrvN,9,1621522041824,"{""phase"": ""TEST"", ""word"": ""SHIP"", ""color"": ""red"", ""relation"": ""unrelated"", ""response"": ""red"", ""hit"": true, ""rt"": 696}"
debugb6JYd:debugYfrvN,10,1621522042646,"{""phase"": ""TEST"", ""word"": ""BLUE"", ""color"": ""blue"", ""relation"": ""congruent"", ""response"": ""blue"", ""hit"": true, ""rt"": 821}"
debugb6JYd:debugYfrvN,11,1621522043296,"{""phase"": ""TEST"", ""word"": ""GREEN"", ""color"": ""green"", ""relation"": ""congruent"", ""response"": ""green"", ""hit"": true, ""rt"": 650}"
debugb6JYd:debugYfrvN,12,1621522043999,"{""phase"": ""TEST"", ""word"": ""RED"", ""color"": ""red"", ""relation"": ""congruent"", ""response"": ""red"", ""hit"": true, ""rt"": 703}"
debugb6JYd:debugYfrvN,13,1621522044671,"{""phase"": ""TEST"", ""word"": ""GREEN"", ""color"": ""red"", ""relation"": ""incongruent"", ""response"": ""red"", ""hit"": true, ""rt"": 671}"
debugb6JYd:debugYfrvN,14,1621522044673,"{""phase"": ""postquestionnaire"", ""status"": ""begin""}"
debugb6JYd:debugYfrvN,15,1621522046419,"{""phase"": ""postquestionnaire"", ""status"": ""submit""}"
A2WUPNIT08SEE2:3WYP994K1CHV02PXI5DISVCJUW76YQ,0,1621524495099,"{""phase"": ""INSTRUCTIONS"", ""templates"": [""instructions/instruct-1.html"", ""instructions/instruct-2.html"", ""instructions/instruct-3.html"", ""instructions/instruct-ready.html""], ""action"": ""Begin""}"
A2WUPNIT08SEE2:3WYP994K1CHV02PXI5DISVCJUW76YQ,1,1621524496310,"{""phase"": ""INSTRUCTIONS"", ""template"": ""instructions/instruct-1.html"", ""indexOf"": 0, ""action"": ""NextPage"", ""viewTime"": 1205}"
A2WUPNIT08SEE2:3WYP994K1CHV02PXI5DISVCJUW76YQ,2,1621524497097,"{""phase"": ""INSTRUCTIONS"", ""template"": ""instructions/instruct-2.html"", ""indexOf"": 1, ""action"": ""NextPage"", ""viewTime"": 785}"
A2WUPNIT08SEE2:3WYP994K1CHV02PXI5DISVCJUW76YQ,3,1621524497597,"{""phase"": ""INSTRUCTIONS"", ""template"": ""instructions/instruct-3.html"", ""indexOf"": 2, ""action"": ""NextPage"", ""viewTime"": 499}"
A2WUPNIT08SEE2:3WYP994K1CHV02PXI5DISVCJUW76YQ,4,1621524498671,"{""phase"": ""INSTRUCTIONS"", ""template"": ""instructions/instruct-ready.html"", ""indexOf"": 3, ""action"": ""FinishInstructions"", ""viewTime"": 1073}"
A2WUPNIT08SEE2:3WYP994K1CHV02PXI5DISVCJUW76YQ,5,1621524499787,"{""phase"": ""TEST"", ""word"": ""BLUE"", ""color"": ""blue"", ""relation"": ""congruent"", ""response"": ""blue"", ""hit"": true, ""rt"": 1110}"
A2WUPNIT08SEE2:3WYP994K1CHV02PXI5DISVCJUW76YQ,6,1621524500545,"{""phase"": ""TEST"", ""word"": ""GREEN"", ""color"": ""red"", ""relation"": ""incongruent"", ""response"": ""red"", ""hit"": true, ""rt"": 758}"
A2WUPNIT08SEE2:3WYP994K1CHV02PXI5DISVCJUW76YQ,7,1621524501302,"{""phase"": ""TEST"", ""word"": ""RED"", ""color"": ""blue"", ""relation"": ""incongruent"", ""response"": ""blue"", ""hit"": true, ""rt"": 756}"
A2WUPNIT08SEE2:3WYP994K1CHV02PXI5DISVCJUW76YQ,8,1621524502050,"{""phase"": ""TEST"", ""word"": ""BLUE"", ""color"": ""green"", ""relation"": ""incongruent"", ""response"": ""green"", ""hit"": true, ""rt"": 748}"
A2WUPNIT08SEE2:3WYP994K1CHV02PXI5DISVCJUW76YQ,9,1621524502777,"{""phase"": ""TEST"", ""word"": ""SHIP"", ""color"": ""red"", ""relation"": ""unrelated"", ""response"": ""red"", ""hit"": true, ""rt"": 727}"
A2WUPNIT08SEE2:3WYP994K1CHV02PXI5DISVCJUW76YQ,10,1621524503512,"{""phase"": ""TEST"", ""word"": ""GREEN"", ""color"": ""green"", ""relation"": ""congruent"", ""response"": ""green"", ""hit"": true, ""rt"": 735}"
A2WUPNIT08SEE2:3WYP994K1CHV02PXI5DISVCJUW76YQ,11,1621524504189,"{""phase"": ""TEST"", ""word"": ""MONKEY"", ""color"": ""green"", ""relation"": ""unrelated"", ""response"": ""green"", ""hit"": true, ""rt"": 676}"
A2WUPNIT08SEE2:3WYP994K1CHV02PXI5DISVCJUW76YQ,12,1621524504866,"{""phase"": ""TEST"", ""word"": ""ZAMBONI"", ""color"": ""blue"", ""relation"": ""unrelated"", ""response"": ""blue"", ""hit"": true, ""rt"": 676}"
A2WUPNIT08SEE2:3WYP994K1CHV02PXI5DISVCJUW76YQ,13,1621524505533,"{""phase"": ""TEST"", ""word"": ""RED"", ""color"": ""red"", ""relation"": ""congruent"", ""response"": ""red"", ""hit"": true, ""rt"": 667}"
A2WUPNIT08SEE2:3WYP994K1CHV02PXI5DISVCJUW76YQ,14,1621524505534,"{""phase"": ""postquestionnaire"", ""status"": ""begin""}"
A2WUPNIT08SEE2:3WYP994K1CHV02PXI5DISVCJUW76YQ,15,1621524506791,"{""phase"": ""postquestionnaire"", ""status"": ""submit""}"
A2WUPNIT08SEE2:3QHK8ZVMIR8H6FZTVH5093WFZIKBLU,0,1621704941568,"{""phase"": ""INSTRUCTIONS"", ""templates"": [""instructions/instruct-1.html"", ""instructions/instruct-2.html"", ""instructions/instruct-3.html"", ""instructions/instruct-ready.html""], ""action"": ""Begin""}"
A2WUPNIT08SEE2:3QHK8ZVMIR8H6FZTVH5093WFZIKBLU,1,1621704943122,"{""phase"": ""INSTRUCTIONS"", ""template"": ""instructions/instruct-1.html"", ""indexOf"": 0, ""action"": ""NextPage"", ""viewTime"": 1550}"
A2WUPNIT08SEE2:3QHK8ZVMIR8H6FZTVH5093WFZIKBLU,2,1621704943814,"{""phase"": ""INSTRUCTIONS"", ""template"": ""instructions/instruct-2.html"", ""indexOf"": 1, ""action"": ""NextPage"", ""viewTime"": 690}"
A2WUPNIT08SEE2:3QHK8ZVMIR8H6FZTVH5093WFZIKBLU,3,1621704944653,"{""phase"": ""INSTRUCTIONS"", ""template"": ""instructions/instruct-3.html"", ""indexOf"": 2, ""action"": ""NextPage"", ""viewTime"": 838}"
A2WUPNIT08SEE2:3QHK8ZVMIR8H6FZTVH5093WFZIKBLU,4,1621704945644,"{""phase"": ""INSTRUCTIONS"", ""template"": ""instructions/instruct-ready.html"", ""indexOf"": 3, ""action"": ""FinishInstructions"", ""viewTime"": 990}"
A2WUPNIT08SEE2:3QHK8ZVMIR8H6FZTVH5093WFZIKBLU,5,1621704947047,"{""phase"": ""TEST"", ""word"": ""SHIP"", ""color"": ""red"", ""relation"": ""unrelated"", ""response"": ""red"", ""hit"": true, ""rt"": 1397}"
A2WUPNIT08SEE2:3QHK8ZVMIR8H6FZTVH5093WFZIKBLU,6,1621704947814,"{""phase"": ""TEST"", ""word"": ""BLUE"", ""color"": ""blue"", ""relation"": ""congruent"", ""response"": ""blue"", ""hit"": true, ""rt"": 767}"
A2WUPNIT08SEE2:3QHK8ZVMIR8H6FZTVH5093WFZIKBLU,7,1621704948682,"{""phase"": ""TEST"", ""word"": ""RED"", ""color"": ""blue"", ""relation"": ""incongruent"", ""response"": ""blue"", ""hit"": true, ""rt"": 867}"
A2WUPNIT08SEE2:3QHK8ZVMIR8H6FZTVH5093WFZIKBLU,8,1621704949295,"{""phase"": ""TEST"", ""word"": ""RED"", ""color"": ""red"", ""relation"": ""congruent"", ""response"": ""red"", ""hit"": true, ""rt"": 612}"
A2WUPNIT08SEE2:3QHK8ZVMIR8H6FZTVH5093WFZIKBLU,9,1621704949948,"{""phase"": ""TEST"", ""word"": ""MONKEY"", ""color"": ""green"", ""relation"": ""unrelated"", ""response"": ""green"", ""hit"": true, ""rt"": 653}"
A2WUPNIT08SEE2:3QHK8ZVMIR8H6FZTVH5093WFZIKBLU,10,1621704950653,"{""phase"": ""TEST"", ""word"": ""ZAMBONI"", ""color"": ""blue"", ""relation"": ""unrelated"", ""response"": ""blue"", ""hit"": true, ""rt"": 704}"
A2WUPNIT08SEE2:3QHK8ZVMIR8H6FZTVH5093WFZIKBLU,11,1621704951607,"{""phase"": ""TEST"", ""word"": ""BLUE"", ""color"": ""green"", ""relation"": ""incongruent"", ""response"": ""green"", ""hit"": true, ""rt"": 954}"
A2WUPNIT08SEE2:3QHK8ZVMIR8H6FZTVH5093WFZIKBLU,12,1621704952182,"{""phase"": ""TEST"", ""word"": ""GREEN"", ""color"": ""red"", ""relation"": ""incongruent"", ""response"": ""red"", ""hit"": true, ""rt"": 574}"
A2WUPNIT08SEE2:3QHK8ZVMIR8H6FZTVH5093WFZIKBLU,13,1621704953105,"{""phase"": ""TEST"", ""word"": ""GREEN"", ""color"": ""green"", ""relation"": ""congruent"", ""response"": ""green"", ""hit"": true, ""rt"": 923}"
A2WUPNIT08SEE2:3QHK8ZVMIR8H6FZTVH5093WFZIKBLU,14,1621704953106,"{""phase"": ""postquestionnaire"", ""status"": ""begin""}"
A2WUPNIT08SEE2:3QHK8ZVMIR8H6FZTVH5093WFZIKBLU,15,1621704954755,"{""phase"": ""postquestionnaire"", ""status"": ""submit""}"
A2WUPNIT08SEE2:3SUWZRL0M33XUX86I41OLSK3CK8E6P,0,1621705608320,"{""phase"": ""INSTRUCTIONS"", ""templates"": [""instructions/instruct-1.html"", ""instructions/instruct-2.html"", ""instructions/instruct-3.html"", ""instructions/instruct-ready.html""], ""action"": ""Begin""}"
A2WUPNIT08SEE2:3SUWZRL0M33XUX86I41OLSK3CK8E6P,1,1621705609629,"{""phase"": ""INSTRUCTIONS"", ""template"": ""instructions/instruct-1.html"", ""indexOf"": 0, ""action"": ""NextPage"", ""viewTime"": 1305}"
A2WUPNIT08SEE2:3SUWZRL0M33XUX86I41OLSK3CK8E6P,2,1621705610240,"{""phase"": ""INSTRUCTIONS"", ""template"": ""instructions/instruct-2.html"", ""indexOf"": 1, ""action"": ""NextPage"", ""viewTime"": 607}"
A2WUPNIT08SEE2:3SUWZRL0M33XUX86I41OLSK3CK8E6P,3,1621705610806,"{""phase"": ""INSTRUCTIONS"", ""template"": ""instructions/instruct-3.html"", ""indexOf"": 2, ""action"": ""NextPage"", ""viewTime"": 565}"
A2WUPNIT08SEE2:3SUWZRL0M33XUX86I41OLSK3CK8E6P,4,1621705611919,"{""phase"": ""INSTRUCTIONS"", ""template"": ""instructions/instruct-ready.html"", ""indexOf"": 3, ""action"": ""FinishInstructions"", ""viewTime"": 1111}"
A2WUPNIT08SEE2:3SUWZRL0M33XUX86I41OLSK3CK8E6P,5,1621705612698,"{""phase"": ""TEST"", ""word"": ""BLUE"", ""color"": ""green"", ""relation"": ""incongruent"", ""response"": ""green"", ""hit"": true, ""rt"": 772}"
A2WUPNIT08SEE2:3SUWZRL0M33XUX86I41OLSK3CK8E6P,6,1621705613353,"{""phase"": ""TEST"", ""word"": ""GREEN"", ""color"": ""green"", ""relation"": ""congruent"", ""response"": ""green"", ""hit"": true, ""rt"": 655}"
A2WUPNIT08SEE2:3SUWZRL0M33XUX86I41OLSK3CK8E6P,7,1621705614024,"{""phase"": ""TEST"", ""word"": ""GREEN"", ""color"": ""red"", ""relation"": ""incongruent"", ""response"": ""red"", ""hit"": true, ""rt"": 671}"
A2WUPNIT08SEE2:3SUWZRL0M33XUX86I41OLSK3CK8E6P,8,1621705614628,"{""phase"": ""TEST"", ""word"": ""ZAMBONI"", ""color"": ""blue"", ""relation"": ""unrelated"", ""response"": ""blue"", ""hit"": true, ""rt"": 604}"
A2WUPNIT08SEE2:3SUWZRL0M33XUX86I41OLSK3CK8E6P,9,1621705615299,"{""phase"": ""TEST"", ""word"": ""BLUE"", ""color"": ""blue"", ""relation"": ""congruent"", ""response"": ""blue"", ""hit"": true, ""rt"": 671}"
A2WUPNIT08SEE2:3SUWZRL0M33XUX86I41OLSK3CK8E6P,10,1621705615896,"{""phase"": ""TEST"", ""word"": ""MONKEY"", ""color"": ""green"", ""relation"": ""unrelated"", ""response"": ""green"", ""hit"": true, ""rt"": 597}"
A2WUPNIT08SEE2:3SUWZRL0M33XUX86I41OLSK3CK8E6P,11,1621705616593,"{""phase"": ""TEST"", ""word"": ""SHIP"", ""color"": ""red"", ""relation"": ""unrelated"", ""response"": ""red"", ""hit"": true, ""rt"": 696}"
A2WUPNIT08SEE2:3SUWZRL0M33XUX86I41OLSK3CK8E6P,12,1621705617143,"{""phase"": ""TEST"", ""word"": ""RED"", ""color"": ""red"", ""relation"": ""congruent"", ""response"": ""red"", ""hit"": true, ""rt"": 550}"
A2WUPNIT08SEE2:3SUWZRL0M33XUX86I41OLSK3CK8E6P,13,1621705618539,"{""phase"": ""TEST"", ""word"": ""RED"", ""color"": ""blue"", ""relation"": ""incongruent"", ""response"": ""blue"", ""hit"": true, ""rt"": 1396}"
A2WUPNIT08SEE2:3SUWZRL0M33XUX86I41OLSK3CK8E6P,14,1621705618540,"{""phase"": ""postquestionnaire"", ""status"": ""begin""}"
A2WUPNIT08SEE2:3SUWZRL0M33XUX86I41OLSK3CK8E6P,15,1621705619860,"{""phase"": ""postquestionnaire"", ""status"": ""submit""}"
A2WUPNIT08SEE2:3TVSS0C0E6QXDV59ZH3NI8JH3W6WTG,0,1622321665594,"{""phase"": ""INSTRUCTIONS"", ""templates"": [""instructions/instruct-1.html"", ""instructions/instruct-2.html"", ""instructions/instruct-3.html"", ""instructions/instruct-ready.html""], ""action"": ""Begin""}"
A2WUPNIT08SEE2:3TVSS0C0E6QXDV59ZH3NI8JH3W6WTG,1,1622321667401,"{""phase"": ""INSTRUCTIONS"", ""template"": ""instructions/instruct-1.html"", ""indexOf"": 0, ""action"": ""NextPage"", ""viewTime"": 1802}"
A2WUPNIT08SEE2:3TVSS0C0E6QXDV59ZH3NI8JH3W6WTG,2,1622321668152,"{""phase"": ""INSTRUCTIONS"", ""template"": ""instructions/instruct-2.html"", ""indexOf"": 1, ""action"": ""NextPage"", ""viewTime"": 748}"
A2WUPNIT08SEE2:3TVSS0C0E6QXDV59ZH3NI8JH3W6WTG,3,1622321740735,"{""phase"": ""INSTRUCTIONS"", ""template"": ""instructions/instruct-3.html"", ""indexOf"": 2, ""action"": ""NextPage"", ""viewTime"": 72582}"
A2WUPNIT08SEE2:3TVSS0C0E6QXDV59ZH3NI8JH3W6WTG,4,1622321742244,"{""phase"": ""INSTRUCTIONS"", ""template"": ""instructions/instruct-ready.html"", ""indexOf"": 3, ""action"": ""FinishInstructions"", ""viewTime"": 1505}"
A2WUPNIT08SEE2:3TVSS0C0E6QXDV59ZH3NI8JH3W6WTG,5,1622321745225,"{""phase"": ""TEST"", ""word"": ""GREEN"", ""color"": ""green"", ""relation"": ""congruent"", ""response"": ""green"", ""hit"": true, ""rt"": 2970}"
A2WUPNIT08SEE2:3TVSS0C0E6QXDV59ZH3NI8JH3W6WTG,6,1622321745997,"{""phase"": ""TEST"", ""word"": ""BLUE"", ""color"": ""green"", ""relation"": ""incongruent"", ""response"": ""green"", ""hit"": true, ""rt"": 771}"
A2WUPNIT08SEE2:3TVSS0C0E6QXDV59ZH3NI8JH3W6WTG,7,1622321746840,"{""phase"": ""TEST"", ""word"": ""ZAMBONI"", ""color"": ""blue"", ""relation"": ""unrelated"", ""response"": ""blue"", ""hit"": true, ""rt"": 843}"
A2WUPNIT08SEE2:3TVSS0C0E6QXDV59ZH3NI8JH3W6WTG,8,1622321747591,"{""phase"": ""TEST"", ""word"": ""RED"", ""color"": ""red"", ""relation"": ""congruent"", ""response"": ""red"", ""hit"": true, ""rt"": 750}"
A2WUPNIT08SEE2:3TVSS0C0E6QXDV59ZH3NI8JH3W6WTG,9,1622321748525,"{""phase"": ""TEST"", ""word"": ""MONKEY"", ""color"": ""green"", ""relation"": ""unrelated"", ""response"": ""green"", ""hit"": true, ""rt"": 934}"
A2WUPNIT08SEE2:3TVSS0C0E6QXDV59ZH3NI8JH3W6WTG,10,1622321749265,"{""phase"": ""TEST"", ""word"": ""SHIP"", ""color"": ""red"", ""relation"": ""unrelated"", ""response"": ""red"", ""hit"": true, ""rt"": 739}"
A2WUPNIT08SEE2:3TVSS0C0E6QXDV59ZH3NI8JH3W6WTG,11,1622321749952,"{""phase"": ""TEST"", ""word"": ""GREEN"", ""color"": ""red"", ""relation"": ""incongruent"", ""response"": ""red"", ""hit"": true, ""rt"": 687}"
A2WUPNIT08SEE2:3TVSS0C0E6QXDV59ZH3NI8JH3W6WTG,12,1622321750703,"{""phase"": ""TEST"", ""word"": ""RED"", ""color"": ""blue"", ""relation"": ""incongruent"", ""response"": ""blue"", ""hit"": true, ""rt"": 751}"
A2WUPNIT08SEE2:3TVSS0C0E6QXDV59ZH3NI8JH3W6WTG,13,1622321751402,"{""phase"": ""TEST"", ""word"": ""BLUE"", ""color"": ""blue"", ""relation"": ""congruent"", ""response"": ""blue"", ""hit"": true, ""rt"": 699}"
A2WUPNIT08SEE2:3TVSS0C0E6QXDV59ZH3NI8JH3W6WTG,14,1622321759808,"{""phase"": ""postquestionnaire"", ""status"": ""begin""}"
A2WUPNIT08SEE2:3TVSS0C0E6QXDV59ZH3NI8JH3W6WTG,15,1622321764196,"{""phase"": ""postquestionnaire"", ""status"": ""submit""}"
A2WUPNIT08SEE2:3WETL7AQWYYY1VSVO1ANAV26P0Q53S,0,1622321861274,"{""phase"": ""INSTRUCTIONS"", ""templates"": [""instructions/instruct-1.html"", ""instructions/instruct-2.html"", ""instructions/instruct-3.html"", ""instructions/instruct-ready.html""], ""action"": ""Begin""}"
A2WUPNIT08SEE2:3WETL7AQWYYY1VSVO1ANAV26P0Q53S,1,1622321867458,"{""phase"": ""INSTRUCTIONS"", ""template"": ""instructions/instruct-1.html"", ""indexOf"": 0, ""action"": ""NextPage"", ""viewTime"": 6177}"
A2WUPNIT08SEE2:3WETL7AQWYYY1VSVO1ANAV26P0Q53S,2,1622321868608,"{""phase"": ""INSTRUCTIONS"", ""template"": ""instructions/instruct-2.html"", ""indexOf"": 1, ""action"": ""NextPage"", ""viewTime"": 1148}"
A2WUPNIT08SEE2:3WETL7AQWYYY1VSVO1ANAV26P0Q53S,3,1622321869177,"{""phase"": ""INSTRUCTIONS"", ""template"": ""instructions/instruct-3.html"", ""indexOf"": 2, ""action"": ""NextPage"", ""viewTime"": 568}"
A2WUPNIT08SEE2:3WETL7AQWYYY1VSVO1ANAV26P0Q53S,4,1622321872200,"{""phase"": ""INSTRUCTIONS"", ""template"": ""instructions/instruct-ready.html"", ""indexOf"": 3, ""action"": ""FinishInstructions"", ""viewTime"": 3022}"
A2WUPNIT08SEE2:3WETL7AQWYYY1VSVO1ANAV26P0Q53S,5,1622321883870,"{""phase"": ""TEST"", ""word"": ""BLUE"", ""color"": ""blue"", ""relation"": ""congruent"", ""response"": ""blue"", ""hit"": true, ""rt"": 11662}"
A2WUPNIT08SEE2:3WETL7AQWYYY1VSVO1ANAV26P0Q53S,6,1622321884882,"{""phase"": ""TEST"", ""word"": ""RED"", ""color"": ""red"", ""relation"": ""congruent"", ""response"": ""red"", ""hit"": true, ""rt"": 1011}"
A2WUPNIT08SEE2:3WETL7AQWYYY1VSVO1ANAV26P0Q53S,7,1622321885615,"{""phase"": ""TEST"", ""word"": ""ZAMBONI"", ""color"": ""blue"", ""relation"": ""unrelated"", ""response"": ""blue"", ""hit"": true, ""rt"": 733}"
A2WUPNIT08SEE2:3WETL7AQWYYY1VSVO1ANAV26P0Q53S,8,1622321886451,"{""phase"": ""TEST"", ""word"": ""SHIP"", ""color"": ""red"", ""relation"": ""unrelated"", ""response"": ""red"", ""hit"": true, ""rt"": 835}"
A2WUPNIT08SEE2:3WETL7AQWYYY1VSVO1ANAV26P0Q53S,9,1622321887368,"{""phase"": ""TEST"", ""word"": ""BLUE"", ""color"": ""green"", ""relation"": ""incongruent"", ""response"": ""green"", ""hit"": true, ""rt"": 917}"
A2WUPNIT08SEE2:3WETL7AQWYYY1VSVO1ANAV26P0Q53S,10,1622321890146,"{""phase"": ""TEST"", ""word"": ""GREEN"", ""color"": ""green"", ""relation"": ""congruent"", ""response"": ""green"", ""hit"": true, ""rt"": 2777}"
A2WUPNIT08SEE2:3WETL7AQWYYY1VSVO1ANAV26P0Q53S,11,1622321903154,"{""phase"": ""TEST"", ""word"": ""GREEN"", ""color"": ""red"", ""relation"": ""incongruent"", ""response"": ""red"", ""hit"": true, ""rt"": 13008}"
A2WUPNIT08SEE2:3WETL7AQWYYY1VSVO1ANAV26P0Q53S,12,1622322020442,"{""phase"": ""TEST"", ""word"": ""MONKEY"", ""color"": ""green"", ""relation"": ""unrelated"", ""response"": ""green"", ""hit"": true, ""rt"": 117288}"
A2WUPNIT08SEE2:3WETL7AQWYYY1VSVO1ANAV26P0Q53S,13,1622322021116,"{""phase"": ""TEST"", ""word"": ""RED"", ""color"": ""blue"", ""relation"": ""incongruent"", ""response"": ""red"", ""hit"": false, ""rt"": 674}"
A2WUPNIT08SEE2:3WETL7AQWYYY1VSVO1ANAV26P0Q53S,14,1622322039458,"{""phase"": ""postquestionnaire"", ""status"": ""begin""}"
A2WUPNIT08SEE2:3WETL7AQWYYY1VSVO1ANAV26P0Q53S,15,1622322061041,"{""phase"": ""postquestionnaire"", ""status"": ""submit""}"
A2WUPNIT08SEE2:35BLDD71IBNGKIE3FZN9IU1KHJQZVP,0,1622324026002,"{""phase"": ""INSTRUCTIONS"", ""templates"": [""instructions/instruct-1.html"", ""instructions/instruct-2.html"", ""instructions/instruct-3.html"", ""instructions/instruct-ready.html""], ""action"": ""Begin""}"
A2WUPNIT08SEE2:35BLDD71IBNGKIE3FZN9IU1KHJQZVP,1,1622324027063,"{""phase"": ""INSTRUCTIONS"", ""template"": ""instructions/instruct-1.html"", ""indexOf"": 0, ""action"": ""NextPage"", ""viewTime"": 1056}"
A2WUPNIT08SEE2:35BLDD71IBNGKIE3FZN9IU1KHJQZVP,2,1622324027699,"{""phase"": ""INSTRUCTIONS"", ""template"": ""instructions/instruct-2.html"", ""indexOf"": 1, ""action"": ""NextPage"", ""viewTime"": 633}"
A2WUPNIT08SEE2:35BLDD71IBNGKIE3FZN9IU1KHJQZVP,3,1622324028255,"{""phase"": ""INSTRUCTIONS"", ""template"": ""instructions/instruct-3.html"", ""indexOf"": 2, ""action"": ""NextPage"", ""viewTime"": 555}"
A2WUPNIT08SEE2:35BLDD71IBNGKIE3FZN9IU1KHJQZVP,4,1622324030052,"{""phase"": ""INSTRUCTIONS"", ""template"": ""instructions/instruct-ready.html"", ""indexOf"": 3, ""action"": ""FinishInstructions"", ""viewTime"": 1796}"
A2WUPNIT08SEE2:35BLDD71IBNGKIE3FZN9IU1KHJQZVP,5,1622324030899,"{""phase"": ""TEST"", ""word"": ""GREEN"", ""color"": ""green"", ""relation"": ""congruent"", ""response"": ""green"", ""hit"": true, ""rt"": 840}"
A2WUPNIT08SEE2:35BLDD71IBNGKIE3FZN9IU1KHJQZVP,6,1622324031370,"{""phase"": ""TEST"", ""word"": ""MONKEY"", ""color"": ""green"", ""relation"": ""unrelated"", ""response"": ""green"", ""hit"": true, ""rt"": 471}"
A2WUPNIT08SEE2:35BLDD71IBNGKIE3FZN9IU1KHJQZVP,7,1622324031900,"{""phase"": ""TEST"", ""word"": ""BLUE"", ""color"": ""green"", ""relation"": ""incongruent"", ""response"": ""green"", ""hit"": true, ""rt"": 530}"
A2WUPNIT08SEE2:35BLDD71IBNGKIE3FZN9IU1KHJQZVP,8,1622324032718,"{""phase"": ""TEST"", ""word"": ""BLUE"", ""color"": ""blue"", ""relation"": ""congruent"", ""response"": ""blue"", ""hit"": true, ""rt"": 817}"
A2WUPNIT08SEE2:35BLDD71IBNGKIE3FZN9IU1KHJQZVP,9,1622324033170,"{""phase"": ""TEST"", ""word"": ""ZAMBONI"", ""color"": ""blue"", ""relation"": ""unrelated"", ""response"": ""blue"", ""hit"": true, ""rt"": 452}"
A2WUPNIT08SEE2:35BLDD71IBNGKIE3FZN9IU1KHJQZVP,10,1622324033662,"{""phase"": ""TEST"", ""word"": ""RED"", ""color"": ""blue"", ""relation"": ""incongruent"", ""response"": ""blue"", ""hit"": true, ""rt"": 491}"
A2WUPNIT08SEE2:35BLDD71IBNGKIE3FZN9IU1KHJQZVP,11,1622324034350,"{""phase"": ""TEST"", ""word"": ""GREEN"", ""color"": ""red"", ""relation"": ""incongruent"", ""response"": ""red"", ""hit"": true, ""rt"": 688}"
A2WUPNIT08SEE2:35BLDD71IBNGKIE3FZN9IU1KHJQZVP,12,1622324034777,"{""phase"": ""TEST"", ""word"": ""SHIP"", ""color"": ""red"", ""relation"": ""unrelated"", ""response"": ""red"", ""hit"": true, ""rt"": 426}"
A2WUPNIT08SEE2:35BLDD71IBNGKIE3FZN9IU1KHJQZVP,13,1622324035159,"{""phase"": ""TEST"", ""word"": ""RED"", ""color"": ""red"", ""relation"": ""congruent"", ""response"": ""red"", ""hit"": true, ""rt"": 381}"
A2WUPNIT08SEE2:35BLDD71IBNGKIE3FZN9IU1KHJQZVP,14,1622324035161,"{""phase"": ""postquestionnaire"", ""status"": ""begin""}"
A2WUPNIT08SEE2:35BLDD71IBNGKIE3FZN9IU1KHJQZVP,15,1622324037431,"{""phase"": ""postquestionnaire"", ""status"": ""submit""}"
A2WUPNIT08SEE2:3MX2NQ3YCEKAHTZ98QHBHBRAWVQX5J,0,1622324431044,"{""phase"": ""INSTRUCTIONS"", ""templates"": [""instructions/instruct-1.html"", ""instructions/instruct-2.html"", ""instructions/instruct-3.html"", ""instructions/instruct-ready.html""], ""action"": ""Begin""}"
A2WUPNIT08SEE2:3MX2NQ3YCEKAHTZ98QHBHBRAWVQX5J,1,1622324432436,"{""phase"": ""INSTRUCTIONS"", ""template"": ""instructions/instruct-1.html"", ""indexOf"": 0, ""action"": ""NextPage"", ""viewTime"": 1390}"
A2WUPNIT08SEE2:3MX2NQ3YCEKAHTZ98QHBHBRAWVQX5J,2,1622324433101,"{""phase"": ""INSTRUCTIONS"", ""template"": ""instructions/instruct-2.html"", ""indexOf"": 1, ""action"": ""NextPage"", ""viewTime"": 663}"
A2WUPNIT08SEE2:3MX2NQ3YCEKAHTZ98QHBHBRAWVQX5J,3,1622324433577,"{""phase"": ""INSTRUCTIONS"", ""template"": ""instructions/instruct-3.html"", ""indexOf"": 2, ""action"": ""NextPage"", ""viewTime"": 475}"
A2WUPNIT08SEE2:3MX2NQ3YCEKAHTZ98QHBHBRAWVQX5J,4,1622324434699,"{""phase"": ""INSTRUCTIONS"", ""template"": ""instructions/instruct-ready.html"", ""indexOf"": 3, ""action"": ""FinishInstructions"", ""viewTime"": 1120}"
A2WUPNIT08SEE2:3MX2NQ3YCEKAHTZ98QHBHBRAWVQX5J,5,1622324435998,"{""phase"": ""TEST"", ""word"": ""BLUE"", ""color"": ""blue"", ""relation"": ""congruent"", ""response"": ""blue"", ""hit"": true, ""rt"": 1293}"
A2WUPNIT08SEE2:3MX2NQ3YCEKAHTZ98QHBHBRAWVQX5J,6,1622324436909,"{""phase"": ""TEST"", ""word"": ""GREEN"", ""color"": ""red"", ""relation"": ""incongruent"", ""response"": ""red"", ""hit"": true, ""rt"": 911}"
A2WUPNIT08SEE2:3MX2NQ3YCEKAHTZ98QHBHBRAWVQX5J,7,1622324437782,"{""phase"": ""TEST"", ""word"": ""RED"", ""color"": ""blue"", ""relation"": ""incongruent"", ""response"": ""blue"", ""hit"": true, ""rt"": 873}"
A2WUPNIT08SEE2:3MX2NQ3YCEKAHTZ98QHBHBRAWVQX5J,8,1622324438563,"{""phase"": ""TEST"", ""word"": ""ZAMBONI"", ""color"": ""blue"", ""relation"": ""unrelated"", ""response"": ""blue"", ""hit"": true, ""rt"": 781}"
A2WUPNIT08SEE2:3MX2NQ3YCEKAHTZ98QHBHBRAWVQX5J,9,1622324439397,"{""phase"": ""TEST"", ""word"": ""BLUE"", ""color"": ""green"", ""relation"": ""incongruent"", ""response"": ""green"", ""hit"": true, ""rt"": 833}"
A2WUPNIT08SEE2:3MX2NQ3YCEKAHTZ98QHBHBRAWVQX5J,10,1622324440034,"{""phase"": ""TEST"", ""word"": ""RED"", ""color"": ""red"", ""relation"": ""congruent"", ""response"": ""red"", ""hit"": true, ""rt"": 637}"
A2WUPNIT08SEE2:3MX2NQ3YCEKAHTZ98QHBHBRAWVQX5J,11,1622324440965,"{""phase"": ""TEST"", ""word"": ""MONKEY"", ""color"": ""green"", ""relation"": ""unrelated"", ""response"": ""green"", ""hit"": true, ""rt"": 931}"
A2WUPNIT08SEE2:3MX2NQ3YCEKAHTZ98QHBHBRAWVQX5J,12,1622324442554,"{""phase"": ""TEST"", ""word"": ""SHIP"", ""color"": ""red"", ""relation"": ""unrelated"", ""response"": ""red"", ""hit"": true, ""rt"": 1589}"
A2WUPNIT08SEE2:3MX2NQ3YCEKAHTZ98QHBHBRAWVQX5J,13,1622324443529,"{""phase"": ""TEST"", ""word"": ""GREEN"", ""color"": ""green"", ""relation"": ""congruent"", ""response"": ""green"", ""hit"": true, ""rt"": 975}"
A2WUPNIT08SEE2:3MX2NQ3YCEKAHTZ98QHBHBRAWVQX5J,14,1622324443530,"{""phase"": ""postquestionnaire"", ""status"": ""begin""}"
A2WUPNIT08SEE2:3MX2NQ3YCEKAHTZ98QHBHBRAWVQX5J,15,1622324445368,"{""phase"": ""postquestionnaire"", ""status"": ""submit""}"
